ADMIN EMAIL,ADMIN PASSWORD
a,a
a,a
a,a
a,a
a,a
a,a
a,a
a,a
a,a
a,a
a,a
a,a
a,a
a,a
a,a
a,a
a,a
a,a
a,a
a,a
a,a
a,a
a,a
a,a
a,a
a,a
a,a
a,a
a,a
a,a
a,a
a,a
a,a
a,a
a,a
a,a
a,a
a,a
a,a
a,a
a,a
a,a
a,a
a,a
a,a
a,a
a,a
a,a
a,a
a,a
a,a
a,a
a,a
a,a
a,a
a,a
a,a
a,a
a,a
a,a
a,a
a,a
a,a
a,a
a,a
a,a
a,a
a,a
a,a
a,a
a,a
a,a
a,a
a,a
a,a
a,a
a,a
a,a
a,a
a,a
a,a
a,a
a,a
a,a
a,a
a,a
a,a
a,a
a,a
a,a
a,a
a,a
a,a
a,a
a,a
a,a
a,a
aa,a
a,a
aa,a
a,a
a,a
a,a
A,a
a,a
a,a
a,a
aa,a
a,a
a,a
a,a
a,a
a,a
a,a
a,a
a,a
a,a
a,a
a,a
a,a
a,a
a,a
aa,a
a,a
a,a
a,a
a,a
a,a
a,a
a,a
a,a
a,a
a,a
a,a
a,a
a,a
a,a
a,a
a,a
a,a
a,a
a,a
a,a
a,a
a,a
a,a
a,a
a,a
a,a
a,a
a,a
a,a
a,a
a,a
a,a
a,a
a,a
a,a
a,a
a,a
a,a
a,a
a,a
a,a
a,a
a,a
a,a
a,a
a,a
a,a
a,a
a,a
a,a
a,a
a,a
a,a
a,a
a,a
a,a
a,a
a,a
a,a
a,a
a,a
a,a
a,a
a,a
a,a
a,a
a,a
a,a
a,a
a,a
a,a
a,a
a,a
a,a
a,a
a,A
a,a
a,a
a,a
a,a
a,a
a,a
a,a
a,a
a,a
a,a
a,a
a,a
a,a
a,a
a,a
a,a
a,a
a,a
a,a
a,a
a,a
a,a
a,a
a,a
a,a
a,a
a,a
a,a
a,a
a,a
a,a
aidrecabrera,aidrecabrera
a,a
a,a
a,a
a,a
a,a
a,a
p,p
p,p
a,a
a,a
a,a
a,A
a,a
a,a
aa,a
a,a
a,a
a,a
a,a
1,1
a,a
a,a
a,a
a,a
a,a
a,a
a,a
a,a
a,a
a,a
a,a
a,a
a,a
a,a
a,a
a,a
a,a
a,aa
aa,a
a,a
a,a
a,a
a,a
a,a
a,a
a,a
a,a
z,z
a,a
a,a
a,a
a,a
a,a
a,a
a,a
a,a
a,a
a,a
a,a
a,a
a,a
a,a
aa,a
a,a
a,a
a,a
a,a
a,a
a,a
a,a
a,a
a,a
a,a
s,s
a,a
aa,a
a,a
a,a
a,a
a,a
a,a
a,a
a,a
aa,a
a,a
a,a
a,a
a,a
a,a
a,a
a,a
a,a
a,a
a,a
1,1
a,a
a,a
a,a
a,a
a,a
a,a
a,a
aa,aa
a,a
a,a
a,a
a,a
a,a
a,a
a,a
a,a
a,a
a,a
a,a
a,a
a,a
a,a
a,a
a,a
a,a
a,a
a,a
a,a
a,a
a,a
a,a
a,a
s,a
a,a
aa,a
a,a
a,a
a,a
a,a
aa,a
a,a
a,a
a,a
a,a
a,a
a,a
a,a
a,a
a,a
a,a
a,a
a,a
aa,a
a,a
a,a
a,a
a,a
a,a
a,a
1,1
a,a
a,a
a,a
a,a
a,a
a,a
a,a
a,a
a,a
a,a
a,a
a,a
a,a
a,a
a,a
a,a
aa,a
a,a
a,a
a,a
a,a
a,a
a,a
a,a
a,a
a,a
a,a
a,a
a,a
a,a
aa,a
a,a
a,a
a,a
a,a
a,a
a,a
a,a
a,a
a,a
a,a
a,a
a,a
a,a
a,a
s,a
a,a
aa,a
a,a
a,a
a,a
a,a
a,a
a,a
a,a
a,a
a,a
a,a
a,a
a,a
a,a
a,a
A,a
a,a
h,g
hjhgj,khhk
123,123
a,a
aa,a
p,p
aaa,a
a,a
A,a
aidrecabrera,aidrecabrera
1,1
hjhgj,khhk
123,123
s,a
h,g
z,z
