DATE,LOGIN DATE,NAME,STATUS,HASH
2023-03-02 22:27:20, a, FAILURE, 00000061
DATE,LOGIN DATE,NAME,STATUS,HASH
2023-03-02 22:27:58, a, FAILURE, 00000061
DATE,LOGIN DATE,NAME,STATUS,HASH
2023-03-02 22:28:12, aa, FAILURE, 00000C20
DATE,LOGIN DATE,NAME,STATUS,HASH
2023-03-02 22:28:14, a, FAILURE, 00000061
DATE,LOGIN DATE,NAME,STATUS,HASH
2023-03-02 22:28:15, a, FAILURE, 00000061
DATE,LOGIN DATE,NAME,STATUS,HASH
2023-03-02 22:28:15, a, FAILURE, 00000061
DATE,LOGIN DATE,NAME,STATUS,HASH
2023-03-02 22:28:15, a, FAILURE, 00000061
DATE,LOGIN DATE,NAME,STATUS,HASH
2023-03-02 22:28:15, a, FAILURE, 00000061
DATE,LOGIN DATE,NAME,STATUS,HASH
2023-03-02 22:28:16, a, FAILURE, 00000061
DATE,LOGIN DATE,NAME,STATUS,HASH
2023-03-02 22:28:16, a, FAILURE, 00000061
DATE,LOGIN DATE,NAME,STATUS,HASH
2023-03-02 22:28:16, a, FAILURE, 00000061
DATE,LOGIN DATE,NAME,STATUS,HASH
2023-03-02 22:28:16, a, FAILURE, 00000061
DATE,LOGIN DATE,NAME,STATUS,HASH
2023-03-02 22:28:17, a, FAILURE, 00000061
DATE,LOGIN DATE,NAME,STATUS,HASH
2023-03-02 22:28:17, a, FAILURE, 00000061
DATE,LOGIN DATE,NAME,STATUS,HASH
2023-03-02 22:28:17, a, FAILURE, 00000061
DATE,LOGIN DATE,NAME,STATUS,HASH
2023-03-02 22:28:17, a, FAILURE, 00000061
DATE,LOGIN DATE,NAME,STATUS,HASH
2023-03-02 22:28:17, a, FAILURE, 00000061
DATE,LOGIN DATE,NAME,STATUS,HASH
2023-03-02 22:28:18, a, FAILURE, 00000061
DATE,LOGIN DATE,NAME,STATUS,HASH
2023-03-02 22:28:18, a, FAILURE, 00000061
DATE,LOGIN DATE,NAME,STATUS,HASH
2023-03-02 22:28:39, a, FAILURE, 00000061
DATE,LOGIN DATE,NAME,STATUS,HASH
2023-03-02 22:31:14, a, FAILURE, 00000061
DATE,LOGIN DATE,NAME,STATUS,HASH
2023-03-02 22:32:39, a, FAILURE, 00000061
DATE,LOGIN DATE,NAME,STATUS,HASH
2023-03-02 22:35:05, a, FAILURE, 00000061
DATE,LOGIN DATE,NAME,STATUS,HASH
2023-03-02 22:35:26, a, FAILURE, 00000061
DATE,LOGIN DATE,NAME,STATUS,HASH
2023-03-02 22:35:43, a, FAILURE, 00000061
DATE,LOGIN DATE,NAME,STATUS,HASH
2023-03-02 23:37:36, a, FAILURE, 00000061
DATE,LOGIN DATE,NAME,STATUS,HASH
2023-03-03 00:12:52, a, FAILURE, 00000061
DATE,LOGIN DATE,NAME,STATUS,HASH
2023-03-03 00:32:05, a, FAILURE, 00000061
DATE,LOGIN DATE,NAME,STATUS,HASH
2023-03-03 01:17:30, a, FAILURE, 00000061
DATE,LOGIN DATE,NAME,STATUS,HASH
2023-03-03 01:48:36, a, FAILURE, 00000061
DATE,LOGIN DATE,NAME,STATUS,HASH
2023-03-03 01:53:45, a, FAILURE, 00000061
DATE,LOGIN DATE,NAME,STATUS,HASH
2023-03-03 13:21:46, a, FAILURE, 00000061
